config,n_dets,n_trks,time_ns
greedy_dist2_cvcy_count_yc,137,72,20664414
greedy_dist2_cvcy_count_yc,141,106,571158291
greedy_dist2_cvcy_count_yc,162,89,26034037
greedy_dist2_cvcy_count_yc,167,113,28041423
greedy_dist2_cvcy_count_yc,177,117,30833890
greedy_dist2_cvcy_count_yc,157,122,29489075
greedy_dist2_cvcy_count_yc,169,113,34531019
greedy_dist2_cvcy_count_yc,158,103,29866911
greedy_dist2_cvcy_count_yc,182,108,30249667
greedy_dist2_cvcy_count_yc,188,117,34042890
greedy_dist2_cvcy_count_yc,193,112,32811285
greedy_dist2_cvcy_count_yc,205,109,35400780
greedy_dist2_cvcy_count_yc,202,114,33232217
greedy_dist2_cvcy_count_yc,213,122,36651263
greedy_dist2_cvcy_count_yc,207,121,35660566
greedy_dist2_cvcy_count_yc,209,107,35392634
greedy_dist2_cvcy_count_yc,217,121,38059376
greedy_dist2_cvcy_count_yc,245,153,45872433
greedy_dist2_cvcy_count_yc,238,171,50340941
greedy_dist2_cvcy_count_yc,229,161,51021991
greedy_dist2_cvcy_count_yc,239,159,55646556
greedy_dist2_cvcy_count_yc,242,170,121992365
greedy_dist2_cvcy_count_yc,228,142,44924139
greedy_dist2_cvcy_count_yc,223,129,41016746
greedy_dist2_cvcy_count_yc,206,124,34773531
greedy_dist2_cvcy_count_yc,226,130,39723787
greedy_dist2_cvcy_count_yc,188,122,31712341
greedy_dist2_cvcy_count_yc,186,101,30891008
greedy_dist2_cvcy_count_yc,190,102,31608100
greedy_dist2_cvcy_count_yc,166,97,28322825
greedy_dist2_cvcy_count_yc,176,94,27139952
greedy_dist2_cvcy_count_yc,176,92,25222600
greedy_dist2_cvcy_count_yc,194,89,25351612
greedy_dist2_cvcy_count_yc,189,92,27880793
greedy_dist2_cvcy_count_yc,190,96,24695052
greedy_dist2_cvcy_count_yc,173,93,25356511
greedy_dist2_cvcy_count_yc,181,94,25710619
greedy_dist2_cvcy_count_yc,183,96,27283644
greedy_dist2_cvcy_count_yc,202,104,28824574
greedy_dist2_cvcy_count_yc,89,56,10095406
greedy_dist2_cvcy_count_yc,65,81,17658742
greedy_dist2_cvcy_count_yc,79,73,18314940
greedy_dist2_cvcy_count_yc,69,78,15820469
greedy_dist2_cvcy_count_yc,60,68,14811546
greedy_dist2_cvcy_count_yc,73,61,14604426
greedy_dist2_cvcy_count_yc,69,70,14435243
greedy_dist2_cvcy_count_yc,66,73,15123427
greedy_dist2_cvcy_count_yc,74,82,17308783
greedy_dist2_cvcy_count_yc,64,82,17073246
greedy_dist2_cvcy_count_yc,67,74,17044879
greedy_dist2_cvcy_count_yc,76,79,17232299
greedy_dist2_cvcy_count_yc,72,82,17388505
greedy_dist2_cvcy_count_yc,92,96,22241232
greedy_dist2_cvcy_count_yc,73,98,20171060
greedy_dist2_cvcy_count_yc,73,89,19980424
greedy_dist2_cvcy_count_yc,69,83,17729986
greedy_dist2_cvcy_count_yc,66,75,16223956
greedy_dist2_cvcy_count_yc,71,81,17019795
greedy_dist2_cvcy_count_yc,68,83,16948439
greedy_dist2_cvcy_count_yc,68,78,17298628
greedy_dist2_cvcy_count_yc,66,72,16024358
greedy_dist2_cvcy_count_yc,76,79,16546154
greedy_dist2_cvcy_count_yc,72,88,17727387
greedy_dist2_cvcy_count_yc,59,77,15411006
greedy_dist2_cvcy_count_yc,56,58,13601231
greedy_dist2_cvcy_count_yc,64,60,12572819
greedy_dist2_cvcy_count_yc,59,62,12937237
greedy_dist2_cvcy_count_yc,53,64,13000795
greedy_dist2_cvcy_count_yc,55,58,11998065
greedy_dist2_cvcy_count_yc,53,55,11282165
greedy_dist2_cvcy_count_yc,54,50,11296865
greedy_dist2_cvcy_count_yc,66,65,12333634
greedy_dist2_cvcy_count_yc,45,58,10763866
greedy_dist2_cvcy_count_yc,55,47,10996437
greedy_dist2_cvcy_count_yc,58,54,10869269
greedy_dist2_cvcy_count_yc,58,51,10602199
greedy_dist2_cvcy_count_yc,55,50,10505753
greedy_dist2_cvcy_count_yc,54,50,9997504
greedy_dist2_cvcy_count_yc,45,47,9685472
greedy_dist2_cvcy_count_yc,50,40,8685568
greedy_dist2_cvcy_count_yc,114,106,16669575
greedy_dist2_cvcy_count_yc,102,155,39252613
greedy_dist2_cvcy_count_yc,93,135,45575878
greedy_dist2_cvcy_count_yc,99,125,41482078
greedy_dist2_cvcy_count_yc,100,125,40649802
greedy_dist2_cvcy_count_yc,105,128,40045399
greedy_dist2_cvcy_count_yc,105,136,40892354
greedy_dist2_cvcy_count_yc,96,124,40074006
greedy_dist2_cvcy_count_yc,95,121,38198924
greedy_dist2_cvcy_count_yc,88,113,35423380
greedy_dist2_cvcy_count_yc,88,109,34409517
greedy_dist2_cvcy_count_yc,95,115,36553908
greedy_dist2_cvcy_count_yc,94,120,37991008
greedy_dist2_cvcy_count_yc,111,130,41378017
greedy_dist2_cvcy_count_yc,106,144,42685613
greedy_dist2_cvcy_count_yc,93,131,42959389
greedy_dist2_cvcy_count_yc,90,122,37677293
greedy_dist2_cvcy_count_yc,93,114,36548879
greedy_dist2_cvcy_count_yc,103,126,38096272
greedy_dist2_cvcy_count_yc,93,129,38329985
greedy_dist2_cvcy_count_yc,114,130,43780500
greedy_dist2_cvcy_count_yc,111,137,41160937
greedy_dist2_cvcy_count_yc,127,133,42394784
greedy_dist2_cvcy_count_yc,119,128,42897513
greedy_dist2_cvcy_count_yc,139,148,46188245
greedy_dist2_cvcy_count_yc,146,156,51462347
greedy_dist2_cvcy_count_yc,145,166,55035364
greedy_dist2_cvcy_count_yc,124,155,51800705
greedy_dist2_cvcy_count_yc,128,152,50476224
greedy_dist2_cvcy_count_yc,147,159,53067701
greedy_dist2_cvcy_count_yc,132,165,53267044
greedy_dist2_cvcy_count_yc,134,166,52268041
greedy_dist2_cvcy_count_yc,113,157,41081987
greedy_dist2_cvcy_count_yc,93,125,30193894
greedy_dist2_cvcy_count_yc,118,111,31435839
greedy_dist2_cvcy_count_yc,151,158,39706161
greedy_dist2_cvcy_count_yc,136,163,49656645
greedy_dist2_cvcy_count_yc,131,156,50439680
greedy_dist2_cvcy_count_yc,123,151,48294668
greedy_dist2_cvcy_count_yc,122,148,47066251
greedy_dist2_cvcy_count_yc,124,148,46741272
greedy_dist2_cvcy_count_yc,58,38,6735664
greedy_dist2_cvcy_count_yc,56,62,9632287
greedy_dist2_cvcy_count_yc,68,72,13535568
greedy_dist2_cvcy_count_yc,57,78,13860536
greedy_dist2_cvcy_count_yc,66,81,16326989
greedy_dist2_cvcy_count_yc,68,86,16332599
greedy_dist2_cvcy_count_yc,55,79,15289989
greedy_dist2_cvcy_count_yc,51,70,13779822
greedy_dist2_cvcy_count_yc,62,73,13371286
greedy_dist2_cvcy_count_yc,57,76,13081629
greedy_dist2_cvcy_count_yc,77,88,16246946
greedy_dist2_cvcy_count_yc,66,89,15498482
greedy_dist2_cvcy_count_yc,61,77,14801229
greedy_dist2_cvcy_count_yc,62,75,14674182
greedy_dist2_cvcy_count_yc,63,76,14068798
greedy_dist2_cvcy_count_yc,54,74,12560795
greedy_dist2_cvcy_count_yc,69,82,17144763
greedy_dist2_cvcy_count_yc,58,90,15316422
greedy_dist2_cvcy_count_yc,54,78,15210218
greedy_dist2_cvcy_count_yc,48,67,78073643
greedy_dist2_cvcy_count_yc,53,61,11147023
greedy_dist2_cvcy_count_yc,52,65,11820707
greedy_dist2_cvcy_count_yc,50,70,12662381
greedy_dist2_cvcy_count_yc,54,65,12908368
greedy_dist2_cvcy_count_yc,44,62,10809892
greedy_dist2_cvcy_count_yc,50,59,12338495
greedy_dist2_cvcy_count_yc,43,61,10360822
greedy_dist2_cvcy_count_yc,45,55,10652262
greedy_dist2_cvcy_count_yc,43,57,9720846
greedy_dist2_cvcy_count_yc,41,52,9057012
greedy_dist2_cvcy_count_yc,35,45,8356756
greedy_dist2_cvcy_count_yc,53,61,10606910
greedy_dist2_cvcy_count_yc,37,58,9381299
greedy_dist2_cvcy_count_yc,45,48,9675053
greedy_dist2_cvcy_count_yc,44,45,8798660
greedy_dist2_cvcy_count_yc,38,45,8199036
greedy_dist2_cvcy_count_yc,47,45,8535357
greedy_dist2_cvcy_count_yc,41,49,7955774
greedy_dist2_cvcy_count_yc,52,47,9550592
greedy_dist2_cvcy_count_yc,42,49,8722745
greedy_dist2_cvcy_count_yc,46,53,9883125
greedy_dist2_cvcy_count_yc,42,34,5318865
greedy_dist2_cvcy_count_yc,52,70,13402155
greedy_dist2_cvcy_count_yc,44,70,16910545
greedy_dist2_cvcy_count_yc,33,55,15064860
greedy_dist2_cvcy_count_yc,37,54,14740062
greedy_dist2_cvcy_count_yc,38,60,9880828
greedy_dist2_cvcy_count_yc,44,62,10501364
greedy_dist2_cvcy_count_yc,48,60,10514871
greedy_dist2_cvcy_count_yc,40,63,9641834
greedy_dist2_cvcy_count_yc,46,63,11111889
greedy_dist2_cvcy_count_yc,35,57,8872066
greedy_dist2_cvcy_count_yc,35,54,10134883
greedy_dist2_cvcy_count_yc,38,60,10378825
greedy_dist2_cvcy_count_yc,42,60,11044122
greedy_dist2_cvcy_count_yc,28,56,9050356
greedy_dist2_cvcy_count_yc,34,48,9041830
greedy_dist2_cvcy_count_yc,25,41,6953363
greedy_dist2_cvcy_count_yc,29,42,6778439
greedy_dist2_cvcy_count_yc,25,40,5923880
greedy_dist2_cvcy_count_yc,35,43,7648680
greedy_dist2_cvcy_count_yc,40,55,8434621
greedy_dist2_cvcy_count_yc,34,56,8901465
greedy_dist2_cvcy_count_yc,28,52,8267473
greedy_dist2_cvcy_count_yc,27,40,7008114
greedy_dist2_cvcy_count_yc,24,38,6587483
greedy_dist2_cvcy_count_yc,31,38,6953002
greedy_dist2_cvcy_count_yc,31,38,6779351
greedy_dist2_cvcy_count_yc,31,37,6840264
greedy_dist2_cvcy_count_yc,31,43,7296968
greedy_dist2_cvcy_count_yc,41,54,8893790
greedy_dist2_cvcy_count_yc,40,65,9797720
greedy_dist2_cvcy_count_yc,54,72,12536432
greedy_dist2_cvcy_count_yc,50,76,12565181
greedy_dist2_cvcy_count_yc,39,67,11586800
greedy_dist2_cvcy_count_yc,33,55,8998161
greedy_dist2_cvcy_count_yc,32,50,7802632
greedy_dist2_cvcy_count_yc,28,42,6655601
greedy_dist2_cvcy_count_yc,36,50,7383474
greedy_dist2_cvcy_count_yc,33,54,7558297
greedy_dist2_cvcy_count_yc,24,44,6964936
greedy_dist2_cvcy_count_yc,61,49,11110006
greedy_dist2_cvcy_count_yc,48,85,22825086
greedy_dist2_cvcy_count_yc,50,82,28866643
greedy_dist2_cvcy_count_yc,41,78,21346808
greedy_dist2_cvcy_count_yc,59,80,24206536
greedy_dist2_cvcy_count_yc,49,85,21643729
greedy_dist2_cvcy_count_yc,59,85,16667679
greedy_dist2_cvcy_count_yc,47,82,13326348
greedy_dist2_cvcy_count_yc,64,84,16825709
greedy_dist2_cvcy_count_yc,57,97,15798661
greedy_dist2_cvcy_count_yc,46,85,14621829
greedy_dist2_cvcy_count_yc,40,70,12185058
greedy_dist2_cvcy_count_yc,35,61,10607747
greedy_dist2_cvcy_count_yc,40,65,10544479
greedy_dist2_cvcy_count_yc,48,66,11791531
greedy_dist2_cvcy_count_yc,46,65,11877104
greedy_dist2_cvcy_count_yc,39,64,10472873
greedy_dist2_cvcy_count_yc,48,61,11327483
greedy_dist2_cvcy_count_yc,46,64,10537875
greedy_dist2_cvcy_count_yc,36,55,9663725
greedy_dist2_cvcy_count_yc,40,51,8557437
greedy_dist2_cvcy_count_yc,52,55,9358849
greedy_dist2_cvcy_count_yc,47,64,10254491
greedy_dist2_cvcy_count_yc,37,64,9779942
greedy_dist2_cvcy_count_yc,32,54,9319279
greedy_dist2_cvcy_count_yc,38,56,9820493
greedy_dist2_cvcy_count_yc,26,50,7836999
greedy_dist2_cvcy_count_yc,28,44,7974799
greedy_dist2_cvcy_count_yc,32,49,7974608
greedy_dist2_cvcy_count_yc,47,55,9445223
greedy_dist2_cvcy_count_yc,58,59,10360586
greedy_dist2_cvcy_count_yc,56,56,10361719
greedy_dist2_cvcy_count_yc,55,41,8737792
greedy_dist2_cvcy_count_yc,83,40,8797353
greedy_dist2_cvcy_count_yc,51,42,7193758
greedy_dist2_cvcy_count_yc,78,39,8144731
greedy_dist2_cvcy_count_yc,64,41,7940498
greedy_dist2_cvcy_count_yc,67,45,8049951
greedy_dist2_cvcy_count_yc,50,43,7528626
greedy_dist2_cvcy_count_yc,51,45,8053537
greedy_dist2_cvcy_count_yc,43,52,8313182
greedy_dist2_cvcy_count_yc,127,120,16491874
greedy_dist2_cvcy_count_yc,113,165,35912193
greedy_dist2_cvcy_count_yc,115,152,44048459
greedy_dist2_cvcy_count_yc,121,155,43376007
greedy_dist2_cvcy_count_yc,129,162,48358980
greedy_dist2_cvcy_count_yc,144,186,54480014
greedy_dist2_cvcy_count_yc,141,195,59553029
greedy_dist2_cvcy_count_yc,139,196,59715317
greedy_dist2_cvcy_count_yc,132,180,58647237
greedy_dist2_cvcy_count_yc,147,185,59435312
greedy_dist2_cvcy_count_yc,139,189,58254342
greedy_dist2_cvcy_count_yc,134,181,60653607
greedy_dist2_cvcy_count_yc,126,175,56508560
greedy_dist2_cvcy_count_yc,135,175,59500223
greedy_dist2_cvcy_count_yc,119,169,54416646
greedy_dist2_cvcy_count_yc,129,167,55345211
greedy_dist2_cvcy_count_yc,129,177,54466623
greedy_dist2_cvcy_count_yc,144,193,61141097
greedy_dist2_cvcy_count_yc,132,176,58762755
greedy_dist2_cvcy_count_yc,151,183,58821103
greedy_dist2_cvcy_count_yc,125,196,53418854
greedy_dist2_cvcy_count_yc,115,174,50077303
greedy_dist2_cvcy_count_yc,103,157,40638157
greedy_dist2_cvcy_count_yc,79,141,31874015
greedy_dist2_cvcy_count_yc,93,132,33143785
greedy_dist2_cvcy_count_yc,130,159,41163691
greedy_dist2_cvcy_count_yc,111,179,42712564
greedy_dist2_cvcy_count_yc,107,158,43975386
greedy_dist2_cvcy_count_yc,110,159,40865907
greedy_dist2_cvcy_count_yc,90,142,34364776
greedy_dist2_cvcy_count_yc,76,109,27142917
greedy_dist2_cvcy_count_yc,62,104,20500821
greedy_dist2_cvcy_count_yc,69,96,20914428
greedy_dist2_cvcy_count_yc,67,99,20429596
greedy_dist2_cvcy_count_yc,63,100,21441354
greedy_dist2_cvcy_count_yc,68,107,20775808
greedy_dist2_cvcy_count_yc,48,96,17127317
greedy_dist2_cvcy_count_yc,45,74,14347334
greedy_dist2_cvcy_count_yc,51,74,13326057
greedy_dist2_cvcy_count_yc,75,97,17799797
greedy_dist2_cvcy_count_yc,88,71,10300498
greedy_dist2_cvcy_count_yc,73,112,19034585
greedy_dist2_cvcy_count_yc,61,85,19176993
greedy_dist2_cvcy_count_yc,81,86,19659911
greedy_dist2_cvcy_count_yc,64,91,17211437
greedy_dist2_cvcy_count_yc,60,82,17555934
greedy_dist2_cvcy_count_yc,57,83,15832908
greedy_dist2_cvcy_count_yc,55,76,15381565
greedy_dist2_cvcy_count_yc,64,73,16094798
greedy_dist2_cvcy_count_yc,64,85,16049557
greedy_dist2_cvcy_count_yc,68,84,16730063
greedy_dist2_cvcy_count_yc,71,94,18716813
greedy_dist2_cvcy_count_yc,69,98,18699256
greedy_dist2_cvcy_count_yc,77,94,20549388
greedy_dist2_cvcy_count_yc,63,93,18306256
greedy_dist2_cvcy_count_yc,56,80,16701863
greedy_dist2_cvcy_count_yc,54,72,14798241
greedy_dist2_cvcy_count_yc,78,95,18185653
greedy_dist2_cvcy_count_yc,72,104,20090766
greedy_dist2_cvcy_count_yc,60,91,19218342
greedy_dist2_cvcy_count_yc,83,113,22877113
greedy_dist2_cvcy_count_yc,81,126,24776805
greedy_dist2_cvcy_count_yc,94,136,30913096
greedy_dist2_cvcy_count_yc,132,182,44484116
greedy_dist2_cvcy_count_yc,88,174,39602662
greedy_dist2_cvcy_count_yc,63,111,28256051
greedy_dist2_cvcy_count_yc,67,89,20761373
greedy_dist2_cvcy_count_yc,56,80,16668484
greedy_dist2_cvcy_count_yc,63,78,15980754
greedy_dist2_cvcy_count_yc,60,79,15398255
greedy_dist2_cvcy_count_yc,64,79,15939520
greedy_dist2_cvcy_count_yc,57,80,15142748
greedy_dist2_cvcy_count_yc,63,83,16023399
greedy_dist2_cvcy_count_yc,68,94,17683687
greedy_dist2_cvcy_count_yc,63,88,16888900
greedy_dist2_cvcy_count_yc,58,79,16305341
greedy_dist2_cvcy_count_yc,58,76,14783862
greedy_dist2_cvcy_count_yc,57,72,14407332
greedy_dist2_cvcy_count_yc,69,82,15765418
greedy_dist2_cvcy_count_yc,67,87,16459101
greedy_iou3d_cvcy_count_yc,137,72,23117025
greedy_iou3d_cvcy_count_yc,141,104,835237283
greedy_iou3d_cvcy_count_yc,162,97,628553230
greedy_iou3d_cvcy_count_yc,167,117,946214297
greedy_iou3d_cvcy_count_yc,177,122,1041373047
greedy_iou3d_cvcy_count_yc,157,124,1002739628
greedy_iou3d_cvcy_count_yc,169,117,1018117588
greedy_iou3d_cvcy_count_yc,158,112,1102249680
greedy_iou3d_cvcy_count_yc,182,113,1207044487
greedy_iou3d_cvcy_count_yc,188,118,1284334758
greedy_iou3d_cvcy_count_yc,193,112,1180208856
greedy_iou3d_cvcy_count_yc,205,113,1143538713
greedy_iou3d_cvcy_count_yc,202,115,1170055653
greedy_iou3d_cvcy_count_yc,213,126,1224243734
greedy_iou3d_cvcy_count_yc,207,120,1306878503
greedy_iou3d_cvcy_count_yc,209,113,1225373701
greedy_iou3d_cvcy_count_yc,217,122,1304028658
greedy_iou3d_cvcy_count_yc,245,156,1516284263
greedy_iou3d_cvcy_count_yc,238,171,1753068912
greedy_iou3d_cvcy_count_yc,229,157,1760797266
greedy_iou3d_cvcy_count_yc,239,156,1922449740
greedy_iou3d_cvcy_count_yc,242,169,1648192614
greedy_iou3d_cvcy_count_yc,228,144,1343661421
greedy_iou3d_cvcy_count_yc,223,128,1168468489
greedy_iou3d_cvcy_count_yc,206,123,890595890
greedy_iou3d_cvcy_count_yc,226,127,1177879669
greedy_iou3d_cvcy_count_yc,188,124,866866862
greedy_iou3d_cvcy_count_yc,186,101,858504104
greedy_iou3d_cvcy_count_yc,190,103,879732653
greedy_iou3d_cvcy_count_yc,166,101,909371021
greedy_iou3d_cvcy_count_yc,176,95,793208146
greedy_iou3d_cvcy_count_yc,176,94,590575471
greedy_iou3d_cvcy_count_yc,194,90,613816254
greedy_iou3d_cvcy_count_yc,189,93,640278257
greedy_iou3d_cvcy_count_yc,190,98,514878601
greedy_iou3d_cvcy_count_yc,173,92,570157701
greedy_iou3d_cvcy_count_yc,181,98,473855500
greedy_iou3d_cvcy_count_yc,183,98,690739241
greedy_iou3d_cvcy_count_yc,202,105,744996472
greedy_iou3d_cvcy_count_yc,89,56,8893142
greedy_iou3d_cvcy_count_yc,65,78,191360139
greedy_iou3d_cvcy_count_yc,79,68,324497470
greedy_iou3d_cvcy_count_yc,69,76,277962462
greedy_iou3d_cvcy_count_yc,60,62,276756575
greedy_iou3d_cvcy_count_yc,73,55,235826377
greedy_iou3d_cvcy_count_yc,69,64,211436823
greedy_iou3d_cvcy_count_yc,66,68,243953421
greedy_iou3d_cvcy_count_yc,74,72,293740124
greedy_iou3d_cvcy_count_yc,64,72,289548032
greedy_iou3d_cvcy_count_yc,67,62,281858531
greedy_iou3d_cvcy_count_yc,76,67,292660115
greedy_iou3d_cvcy_count_yc,72,72,307744854
greedy_iou3d_cvcy_count_yc,92,89,444043872
greedy_iou3d_cvcy_count_yc,73,88,397362295
greedy_iou3d_cvcy_count_yc,73,79,427370161
greedy_iou3d_cvcy_count_yc,69,76,335660587
greedy_iou3d_cvcy_count_yc,66,69,311722132
greedy_iou3d_cvcy_count_yc,71,71,302430603
greedy_iou3d_cvcy_count_yc,68,72,297214183
greedy_iou3d_cvcy_count_yc,68,73,306858002
greedy_iou3d_cvcy_count_yc,66,66,311052590
greedy_iou3d_cvcy_count_yc,76,74,282881763
greedy_iou3d_cvcy_count_yc,72,78,325811365
greedy_iou3d_cvcy_count_yc,59,74,267873835
greedy_iou3d_cvcy_count_yc,56,53,236665270
greedy_iou3d_cvcy_count_yc,64,58,192765867
greedy_iou3d_cvcy_count_yc,59,58,224880000
greedy_iou3d_cvcy_count_yc,53,58,213646740
greedy_iou3d_cvcy_count_yc,55,49,184822630
greedy_iou3d_cvcy_count_yc,53,52,140154423
greedy_iou3d_cvcy_count_yc,54,49,154732362
greedy_iou3d_cvcy_count_yc,66,62,172433989
greedy_iou3d_cvcy_count_yc,45,59,147157919
greedy_iou3d_cvcy_count_yc,55,46,176365609
greedy_iou3d_cvcy_count_yc,58,53,152801216
greedy_iou3d_cvcy_count_yc,58,48,155175087
greedy_iou3d_cvcy_count_yc,55,48,150070890
greedy_iou3d_cvcy_count_yc,54,50,136968178
greedy_iou3d_cvcy_count_yc,45,47,119379090
greedy_iou3d_cvcy_count_yc,50,42,104468698
greedy_iou3d_cvcy_count_yc,114,106,14092638
greedy_iou3d_cvcy_count_yc,102,147,2010101325
greedy_iou3d_cvcy_count_yc,93,128,2817339904
greedy_iou3d_cvcy_count_yc,99,124,2353442415
greedy_iou3d_cvcy_count_yc,100,124,2472879936
greedy_iou3d_cvcy_count_yc,105,126,2343989037
greedy_iou3d_cvcy_count_yc,105,128,2326162271
greedy_iou3d_cvcy_count_yc,96,122,2240551621
greedy_iou3d_cvcy_count_yc,95,120,2229992083
greedy_iou3d_cvcy_count_yc,88,110,2080163556
greedy_iou3d_cvcy_count_yc,88,107,2024186083
greedy_iou3d_cvcy_count_yc,95,114,2173264320
greedy_iou3d_cvcy_count_yc,94,118,2159692630
greedy_iou3d_cvcy_count_yc,111,130,2337478270
greedy_iou3d_cvcy_count_yc,106,139,2432777095
greedy_iou3d_cvcy_count_yc,93,130,2407916116
greedy_iou3d_cvcy_count_yc,90,119,2101633166
greedy_iou3d_cvcy_count_yc,93,112,2088910723
greedy_iou3d_cvcy_count_yc,103,123,2110430845
greedy_iou3d_cvcy_count_yc,93,126,2161118051
greedy_iou3d_cvcy_count_yc,114,133,2601223711
greedy_iou3d_cvcy_count_yc,111,133,2395875645
greedy_iou3d_cvcy_count_yc,127,132,2322754273
greedy_iou3d_cvcy_count_yc,119,123,2167539850
greedy_iou3d_cvcy_count_yc,139,146,2232247876
greedy_iou3d_cvcy_count_yc,146,154,2891853277
greedy_iou3d_cvcy_count_yc,145,163,3136834234
greedy_iou3d_cvcy_count_yc,124,152,3157390114
greedy_iou3d_cvcy_count_yc,128,149,2907081956
greedy_iou3d_cvcy_count_yc,147,156,2968300318
greedy_iou3d_cvcy_count_yc,132,160,2871906933
greedy_iou3d_cvcy_count_yc,134,164,2703353505
greedy_iou3d_cvcy_count_yc,113,156,1683286280
greedy_iou3d_cvcy_count_yc,93,121,1047883751
greedy_iou3d_cvcy_count_yc,118,109,1093883934
greedy_iou3d_cvcy_count_yc,151,154,1482100912
greedy_iou3d_cvcy_count_yc,136,156,2425074085
greedy_iou3d_cvcy_count_yc,131,152,2659485178
greedy_iou3d_cvcy_count_yc,123,146,2564942645
greedy_iou3d_cvcy_count_yc,122,142,2419892128
greedy_iou3d_cvcy_count_yc,124,144,2377849368
greedy_iou3d_cvcy_count_yc,58,38,6111743
greedy_iou3d_cvcy_count_yc,56,60,105935517
greedy_iou3d_cvcy_count_yc,68,66,203441717
greedy_iou3d_cvcy_count_yc,57,69,224792802
greedy_iou3d_cvcy_count_yc,66,73,286245092
greedy_iou3d_cvcy_count_yc,68,79,284129683
greedy_iou3d_cvcy_count_yc,55,70,298929275
greedy_iou3d_cvcy_count_yc,51,63,215837178
greedy_iou3d_cvcy_count_yc,62,62,247265138
greedy_iou3d_cvcy_count_yc,57,67,210298465
greedy_iou3d_cvcy_count_yc,77,78,301542570
greedy_iou3d_cvcy_count_yc,66,78,283375067
greedy_iou3d_cvcy_count_yc,61,68,275567150
greedy_iou3d_cvcy_count_yc,62,67,252561547
greedy_iou3d_cvcy_count_yc,63,70,308819452
greedy_iou3d_cvcy_count_yc,54,67,210346252
greedy_iou3d_cvcy_count_yc,69,72,287726661
greedy_iou3d_cvcy_count_yc,58,78,269325422
greedy_iou3d_cvcy_count_yc,54,72,249353576
greedy_iou3d_cvcy_count_yc,48,59,197840306
greedy_iou3d_cvcy_count_yc,53,53,160396799
greedy_iou3d_cvcy_count_yc,52,60,173724933
greedy_iou3d_cvcy_count_yc,50,64,174663772
greedy_iou3d_cvcy_count_yc,54,61,218800983
greedy_iou3d_cvcy_count_yc,44,56,182380398
greedy_iou3d_cvcy_count_yc,50,53,212323629
greedy_iou3d_cvcy_count_yc,43,53,156611891
greedy_iou3d_cvcy_count_yc,45,51,160784061
greedy_iou3d_cvcy_count_yc,43,52,144932430
greedy_iou3d_cvcy_count_yc,41,49,120816629
greedy_iou3d_cvcy_count_yc,35,39,128388508
greedy_iou3d_cvcy_count_yc,53,56,147545730
greedy_iou3d_cvcy_count_yc,37,54,164629059
greedy_iou3d_cvcy_count_yc,45,46,176260161
greedy_iou3d_cvcy_count_yc,44,44,153911171
greedy_iou3d_cvcy_count_yc,38,41,129992546
greedy_iou3d_cvcy_count_yc,47,40,133896979
greedy_iou3d_cvcy_count_yc,41,44,119526700
greedy_iou3d_cvcy_count_yc,52,42,177810502
greedy_iou3d_cvcy_count_yc,42,45,171240977
greedy_iou3d_cvcy_count_yc,46,51,183573313
greedy_iou3d_cvcy_count_yc,42,34,7413603
greedy_iou3d_cvcy_count_yc,52,73,108224913
greedy_iou3d_cvcy_count_yc,44,73,202148919
greedy_iou3d_cvcy_count_yc,33,58,204852375
greedy_iou3d_cvcy_count_yc,37,55,199561703
greedy_iou3d_cvcy_count_yc,38,60,188784967
greedy_iou3d_cvcy_count_yc,44,63,166687201
greedy_iou3d_cvcy_count_yc,48,60,173086053
greedy_iou3d_cvcy_count_yc,40,63,127040888
greedy_iou3d_cvcy_count_yc,46,62,192787708
greedy_iou3d_cvcy_count_yc,35,58,126293111
greedy_iou3d_cvcy_count_yc,35,56,181787464
greedy_iou3d_cvcy_count_yc,38,58,187260854
greedy_iou3d_cvcy_count_yc,42,64,207094298
greedy_iou3d_cvcy_count_yc,28,57,156107556
greedy_iou3d_cvcy_count_yc,34,50,162338193
greedy_iou3d_cvcy_count_yc,25,40,95853397
greedy_iou3d_cvcy_count_yc,29,44,80969314
greedy_iou3d_cvcy_count_yc,25,41,77231488
greedy_iou3d_cvcy_count_yc,35,42,99907629
greedy_iou3d_cvcy_count_yc,40,56,111314758
greedy_iou3d_cvcy_count_yc,34,55,144079375
greedy_iou3d_cvcy_count_yc,28,52,125443937
greedy_iou3d_cvcy_count_yc,27,38,106684822
greedy_iou3d_cvcy_count_yc,24,37,98680820
greedy_iou3d_cvcy_count_yc,31,37,109976377
greedy_iou3d_cvcy_count_yc,31,35,105578684
greedy_iou3d_cvcy_count_yc,31,35,89941550
greedy_iou3d_cvcy_count_yc,31,41,116175910
greedy_iou3d_cvcy_count_yc,41,52,145861901
greedy_iou3d_cvcy_count_yc,40,59,151148019
greedy_iou3d_cvcy_count_yc,54,65,210546775
greedy_iou3d_cvcy_count_yc,50,69,184026407
greedy_iou3d_cvcy_count_yc,39,61,213427373
greedy_iou3d_cvcy_count_yc,33,54,115152104
greedy_iou3d_cvcy_count_yc,32,47,108179364
greedy_iou3d_cvcy_count_yc,28,42,73040049
greedy_iou3d_cvcy_count_yc,36,48,89254418
greedy_iou3d_cvcy_count_yc,33,51,83734006
greedy_iou3d_cvcy_count_yc,24,43,68188937
greedy_iou3d_cvcy_count_yc,61,49,8346009
greedy_iou3d_cvcy_count_yc,48,81,284709998
greedy_iou3d_cvcy_count_yc,50,75,502906251
greedy_iou3d_cvcy_count_yc,41,75,419688632
greedy_iou3d_cvcy_count_yc,59,72,505861192
greedy_iou3d_cvcy_count_yc,49,80,356982372
greedy_iou3d_cvcy_count_yc,59,82,401618467
greedy_iou3d_cvcy_count_yc,47,77,276083713
greedy_iou3d_cvcy_count_yc,64,79,387510323
greedy_iou3d_cvcy_count_yc,57,90,339539167
greedy_iou3d_cvcy_count_yc,46,82,300038762
greedy_iou3d_cvcy_count_yc,40,65,238350958
greedy_iou3d_cvcy_count_yc,35,59,181178290
greedy_iou3d_cvcy_count_yc,40,61,201272783
greedy_iou3d_cvcy_count_yc,48,63,187043733
greedy_iou3d_cvcy_count_yc,46,61,250333134
greedy_iou3d_cvcy_count_yc,39,63,188264856
greedy_iou3d_cvcy_count_yc,48,57,207953448
greedy_iou3d_cvcy_count_yc,46,60,169577801
greedy_iou3d_cvcy_count_yc,36,53,154706809
greedy_iou3d_cvcy_count_yc,40,47,124795247
greedy_iou3d_cvcy_count_yc,52,51,112147441
greedy_iou3d_cvcy_count_yc,47,60,144480167
greedy_iou3d_cvcy_count_yc,37,62,130223969
greedy_iou3d_cvcy_count_yc,32,50,126610532
greedy_iou3d_cvcy_count_yc,38,53,124948940
greedy_iou3d_cvcy_count_yc,26,48,101358039
greedy_iou3d_cvcy_count_yc,28,42,106480394
greedy_iou3d_cvcy_count_yc,32,45,113569405
greedy_iou3d_cvcy_count_yc,47,53,116536976
greedy_iou3d_cvcy_count_yc,58,58,164678019
greedy_iou3d_cvcy_count_yc,56,55,116775263
greedy_iou3d_cvcy_count_yc,55,41,122159006
greedy_iou3d_cvcy_count_yc,83,40,111051255
greedy_iou3d_cvcy_count_yc,51,42,101810299
greedy_iou3d_cvcy_count_yc,78,39,108632289
greedy_iou3d_cvcy_count_yc,64,41,113449938
greedy_iou3d_cvcy_count_yc,67,45,114382468
greedy_iou3d_cvcy_count_yc,50,42,102584779
greedy_iou3d_cvcy_count_yc,51,45,99980256
greedy_iou3d_cvcy_count_yc,43,50,126471019
greedy_iou3d_cvcy_count_yc,127,120,17476008
greedy_iou3d_cvcy_count_yc,113,162,1242407687
greedy_iou3d_cvcy_count_yc,115,167,1696099662
greedy_iou3d_cvcy_count_yc,121,160,1984641666
greedy_iou3d_cvcy_count_yc,129,169,1977625657
greedy_iou3d_cvcy_count_yc,144,192,2479555577
greedy_iou3d_cvcy_count_yc,141,198,2779683085
greedy_iou3d_cvcy_count_yc,139,202,2810745286
greedy_iou3d_cvcy_count_yc,132,187,2810039159
greedy_iou3d_cvcy_count_yc,147,190,2863474281
greedy_iou3d_cvcy_count_yc,139,198,2817285494
greedy_iou3d_cvcy_count_yc,134,187,3159024358
greedy_iou3d_cvcy_count_yc,126,178,2993280274
greedy_iou3d_cvcy_count_yc,135,184,2991725713
greedy_iou3d_cvcy_count_yc,119,173,3190285577
greedy_iou3d_cvcy_count_yc,129,174,3068712896
greedy_iou3d_cvcy_count_yc,129,187,3075203360
greedy_iou3d_cvcy_count_yc,144,196,3435672333
greedy_iou3d_cvcy_count_yc,132,180,3171651140
greedy_iou3d_cvcy_count_yc,151,188,2843411763
greedy_iou3d_cvcy_count_yc,125,195,2312485384
greedy_iou3d_cvcy_count_yc,115,168,1879498883
greedy_iou3d_cvcy_count_yc,103,156,1311097207
greedy_iou3d_cvcy_count_yc,79,141,1060005457
greedy_iou3d_cvcy_count_yc,93,131,1098082108
greedy_iou3d_cvcy_count_yc,130,154,1609785427
greedy_iou3d_cvcy_count_yc,111,179,1461857071
greedy_iou3d_cvcy_count_yc,107,156,1772963890
greedy_iou3d_cvcy_count_yc,110,155,1445450134
greedy_iou3d_cvcy_count_yc,90,141,1108959642
greedy_iou3d_cvcy_count_yc,76,108,738582642
greedy_iou3d_cvcy_count_yc,62,101,523417235
greedy_iou3d_cvcy_count_yc,69,90,526304932
greedy_iou3d_cvcy_count_yc,67,98,507881134
greedy_iou3d_cvcy_count_yc,63,95,581549076
greedy_iou3d_cvcy_count_yc,68,103,538584345
greedy_iou3d_cvcy_count_yc,48,92,393028986
greedy_iou3d_cvcy_count_yc,45,75,310110965
greedy_iou3d_cvcy_count_yc,51,75,271408092
greedy_iou3d_cvcy_count_yc,75,98,430196499
greedy_iou3d_cvcy_count_yc,88,71,13271940
greedy_iou3d_cvcy_count_yc,73,111,336102405
greedy_iou3d_cvcy_count_yc,61,85,411571106
greedy_iou3d_cvcy_count_yc,81,87,425408361
greedy_iou3d_cvcy_count_yc,64,93,382068641
greedy_iou3d_cvcy_count_yc,60,82,447946971
greedy_iou3d_cvcy_count_yc,57,81,365710186
greedy_iou3d_cvcy_count_yc,55,76,360383273
greedy_iou3d_cvcy_count_yc,64,73,391042582
greedy_iou3d_cvcy_count_yc,64,83,399205252
greedy_iou3d_cvcy_count_yc,68,81,384239878
greedy_iou3d_cvcy_count_yc,71,91,405088043
greedy_iou3d_cvcy_count_yc,69,96,434749663
greedy_iou3d_cvcy_count_yc,77,93,500538474
greedy_iou3d_cvcy_count_yc,63,92,480254446
greedy_iou3d_cvcy_count_yc,56,78,395626483
greedy_iou3d_cvcy_count_yc,54,72,321834845
greedy_iou3d_cvcy_count_yc,78,91,377841257
greedy_iou3d_cvcy_count_yc,72,104,459930836
greedy_iou3d_cvcy_count_yc,60,87,480123862
greedy_iou3d_cvcy_count_yc,83,106,514713984
greedy_iou3d_cvcy_count_yc,81,125,605847275
greedy_iou3d_cvcy_count_yc,94,134,809625677
greedy_iou3d_cvcy_count_yc,132,175,1478159162
greedy_iou3d_cvcy_count_yc,88,170,1394865035
greedy_iou3d_cvcy_count_yc,63,107,751648554
greedy_iou3d_cvcy_count_yc,67,88,483508818
greedy_iou3d_cvcy_count_yc,56,78,324891873
greedy_iou3d_cvcy_count_yc,63,77,318571270
greedy_iou3d_cvcy_count_yc,60,78,327041986
greedy_iou3d_cvcy_count_yc,64,74,341399753
greedy_iou3d_cvcy_count_yc,57,82,283694156
greedy_iou3d_cvcy_count_yc,63,80,321857219
greedy_iou3d_cvcy_count_yc,68,94,379887302
greedy_iou3d_cvcy_count_yc,63,86,353216249
greedy_iou3d_cvcy_count_yc,58,78,354931710
greedy_iou3d_cvcy_count_yc,58,74,290912370
greedy_iou3d_cvcy_count_yc,57,71,359597616
greedy_iou3d_cvcy_count_yc,69,82,313176338
greedy_iou3d_cvcy_count_yc,67,87,352782588
greedy_giou3d_cvcy_count_yc,137,72,19472766
greedy_giou3d_cvcy_count_yc,141,109,1152658763
greedy_giou3d_cvcy_count_yc,162,105,2185178202
greedy_giou3d_cvcy_count_yc,167,127,3403086735
greedy_giou3d_cvcy_count_yc,177,130,3759082906
greedy_giou3d_cvcy_count_yc,157,134,3296566729
greedy_giou3d_cvcy_count_yc,169,124,3549682532
greedy_giou3d_cvcy_count_yc,158,118,3579698893
greedy_giou3d_cvcy_count_yc,182,125,4108751063
greedy_giou3d_cvcy_count_yc,188,129,4732886991
greedy_giou3d_cvcy_count_yc,193,121,4331904298
greedy_giou3d_cvcy_count_yc,205,120,4146882929
greedy_giou3d_cvcy_count_yc,202,123,4049858318
greedy_giou3d_cvcy_count_yc,213,133,4283167773
greedy_giou3d_cvcy_count_yc,207,134,4398409022
greedy_giou3d_cvcy_count_yc,209,123,4435508502
greedy_giou3d_cvcy_count_yc,217,132,4701137611
greedy_giou3d_cvcy_count_yc,245,165,5525210621
greedy_giou3d_cvcy_count_yc,238,183,6267603210
greedy_giou3d_cvcy_count_yc,229,173,6384675801
greedy_giou3d_cvcy_count_yc,239,171,7221060300
greedy_giou3d_cvcy_count_yc,242,183,6302322923
greedy_giou3d_cvcy_count_yc,228,157,5032240745
greedy_giou3d_cvcy_count_yc,223,137,4351749948
greedy_giou3d_cvcy_count_yc,206,134,3281995526
greedy_giou3d_cvcy_count_yc,226,133,4045167029
greedy_giou3d_cvcy_count_yc,188,130,3016466857
greedy_giou3d_cvcy_count_yc,186,106,3179141980
greedy_giou3d_cvcy_count_yc,190,114,3124114279
greedy_giou3d_cvcy_count_yc,166,106,3444926312
greedy_giou3d_cvcy_count_yc,176,101,2832273921
greedy_giou3d_cvcy_count_yc,176,98,2128327315
greedy_giou3d_cvcy_count_yc,194,93,2142545650
greedy_giou3d_cvcy_count_yc,189,99,2323475980
greedy_giou3d_cvcy_count_yc,190,102,1896740173
greedy_giou3d_cvcy_count_yc,173,103,2059640802
greedy_giou3d_cvcy_count_yc,181,102,1964762617
greedy_giou3d_cvcy_count_yc,183,107,2385684746
greedy_giou3d_cvcy_count_yc,202,113,2701062971
greedy_giou3d_cvcy_count_yc,89,56,8891229
greedy_giou3d_cvcy_count_yc,65,84,625083200
greedy_giou3d_cvcy_count_yc,79,73,1150124622
greedy_giou3d_cvcy_count_yc,69,78,966972973
greedy_giou3d_cvcy_count_yc,60,68,948651798
greedy_giou3d_cvcy_count_yc,73,58,845697000
greedy_giou3d_cvcy_count_yc,69,70,736683344
greedy_giou3d_cvcy_count_yc,66,76,886432663
greedy_giou3d_cvcy_count_yc,74,77,1064614318
greedy_giou3d_cvcy_count_yc,64,81,991997423
greedy_giou3d_cvcy_count_yc,67,69,1049251889
greedy_giou3d_cvcy_count_yc,76,72,1083571980
greedy_giou3d_cvcy_count_yc,72,75,1106479323
greedy_giou3d_cvcy_count_yc,92,92,1570927563
greedy_giou3d_cvcy_count_yc,73,95,1335055261
greedy_giou3d_cvcy_count_yc,73,87,1505187663
greedy_giou3d_cvcy_count_yc,69,80,1207298884
greedy_giou3d_cvcy_count_yc,66,74,1085460475
greedy_giou3d_cvcy_count_yc,71,75,1056416235
greedy_giou3d_cvcy_count_yc,68,80,1039092583
greedy_giou3d_cvcy_count_yc,68,76,1107756494
greedy_giou3d_cvcy_count_yc,66,73,1101250226
greedy_giou3d_cvcy_count_yc,76,74,1084708223
greedy_giou3d_cvcy_count_yc,72,83,1100786494
greedy_giou3d_cvcy_count_yc,59,76,965114209
greedy_giou3d_cvcy_count_yc,56,58,811249127
greedy_giou3d_cvcy_count_yc,64,61,701535394
greedy_giou3d_cvcy_count_yc,59,61,787873520
greedy_giou3d_cvcy_count_yc,53,63,759054045
greedy_giou3d_cvcy_count_yc,55,52,699288118
greedy_giou3d_cvcy_count_yc,53,57,507858902
greedy_giou3d_cvcy_count_yc,54,51,591197730
greedy_giou3d_cvcy_count_yc,66,64,602886671
greedy_giou3d_cvcy_count_yc,45,59,486653484
greedy_giou3d_cvcy_count_yc,55,49,591282010
greedy_giou3d_cvcy_count_yc,58,56,554725634
greedy_giou3d_cvcy_count_yc,58,51,568695925
greedy_giou3d_cvcy_count_yc,55,51,546051879
greedy_giou3d_cvcy_count_yc,54,51,495345628
greedy_giou3d_cvcy_count_yc,45,48,400752957
greedy_giou3d_cvcy_count_yc,50,42,350989956
greedy_giou3d_cvcy_count_yc,114,106,14626008
greedy_giou3d_cvcy_count_yc,102,151,6806339131
greedy_giou3d_cvcy_count_yc,93,134,9325095076
greedy_giou3d_cvcy_count_yc,99,128,8172989762
greedy_giou3d_cvcy_count_yc,100,125,8623029995
greedy_giou3d_cvcy_count_yc,105,131,7520334318
greedy_giou3d_cvcy_count_yc,105,137,7955158263
greedy_giou3d_cvcy_count_yc,96,127,7606414942
greedy_giou3d_cvcy_count_yc,95,121,7341123699
greedy_giou3d_cvcy_count_yc,88,113,6878486079
greedy_giou3d_cvcy_count_yc,88,107,6859779467
greedy_giou3d_cvcy_count_yc,95,117,7201749708
greedy_giou3d_cvcy_count_yc,94,121,7387286515
greedy_giou3d_cvcy_count_yc,111,137,8022753715
greedy_giou3d_cvcy_count_yc,106,141,8417175068
greedy_giou3d_cvcy_count_yc,93,133,8018341988
greedy_giou3d_cvcy_count_yc,90,121,7085489341
greedy_giou3d_cvcy_count_yc,93,117,6797977108
greedy_giou3d_cvcy_count_yc,103,129,7218749905
greedy_giou3d_cvcy_count_yc,93,131,7366777641
greedy_giou3d_cvcy_count_yc,114,135,8276449075
greedy_giou3d_cvcy_count_yc,111,137,7501108621
greedy_giou3d_cvcy_count_yc,127,133,7216591931
greedy_giou3d_cvcy_count_yc,119,130,6948255671
greedy_giou3d_cvcy_count_yc,139,152,7395482002
greedy_giou3d_cvcy_count_yc,146,157,9502761630
greedy_giou3d_cvcy_count_yc,145,167,10209984012
greedy_giou3d_cvcy_count_yc,124,158,10187793689
greedy_giou3d_cvcy_count_yc,128,153,9533399959
greedy_giou3d_cvcy_count_yc,147,163,9607778354
greedy_giou3d_cvcy_count_yc,132,167,9690006531
greedy_giou3d_cvcy_count_yc,134,169,9313152278
greedy_giou3d_cvcy_count_yc,113,160,5667722029
greedy_giou3d_cvcy_count_yc,93,124,3420186356
greedy_giou3d_cvcy_count_yc,118,112,3599403283
greedy_giou3d_cvcy_count_yc,151,156,5014063022
greedy_giou3d_cvcy_count_yc,136,163,7844590546
greedy_giou3d_cvcy_count_yc,131,158,9026076329
greedy_giou3d_cvcy_count_yc,123,151,8734186714
greedy_giou3d_cvcy_count_yc,122,144,8373970463
greedy_giou3d_cvcy_count_yc,124,148,8005166773
greedy_giou3d_cvcy_count_yc,58,38,6690744
greedy_giou3d_cvcy_count_yc,56,62,335445851
greedy_giou3d_cvcy_count_yc,68,68,689431098
greedy_giou3d_cvcy_count_yc,57,74,751469760
greedy_giou3d_cvcy_count_yc,66,76,1029189733
greedy_giou3d_cvcy_count_yc,68,82,992574066
greedy_giou3d_cvcy_count_yc,55,75,1019684816
greedy_giou3d_cvcy_count_yc,51,66,786662294
greedy_giou3d_cvcy_count_yc,62,66,892575845
greedy_giou3d_cvcy_count_yc,57,74,760719434
greedy_giou3d_cvcy_count_yc,77,85,1117277377
greedy_giou3d_cvcy_count_yc,66,81,1031494881
greedy_giou3d_cvcy_count_yc,61,74,923338271
greedy_giou3d_cvcy_count_yc,62,70,884796588
greedy_giou3d_cvcy_count_yc,63,71,820409326
greedy_giou3d_cvcy_count_yc,54,69,706711890
greedy_giou3d_cvcy_count_yc,69,78,956693806
greedy_giou3d_cvcy_count_yc,58,81,953758630
greedy_giou3d_cvcy_count_yc,54,73,858103579
greedy_giou3d_cvcy_count_yc,48,63,671312973
greedy_giou3d_cvcy_count_yc,53,55,569893862
greedy_giou3d_cvcy_count_yc,52,61,606801454
greedy_giou3d_cvcy_count_yc,50,67,594723596
greedy_giou3d_cvcy_count_yc,54,63,745570625
greedy_giou3d_cvcy_count_yc,44,58,634562083
greedy_giou3d_cvcy_count_yc,50,55,745041208
greedy_giou3d_cvcy_count_yc,43,57,556437403
greedy_giou3d_cvcy_count_yc,45,52,569746988
greedy_giou3d_cvcy_count_yc,43,54,479107775
greedy_giou3d_cvcy_count_yc,41,54,409807964
greedy_giou3d_cvcy_count_yc,35,40,460808767
greedy_giou3d_cvcy_count_yc,53,59,467804032
greedy_giou3d_cvcy_count_yc,37,57,531107346
greedy_giou3d_cvcy_count_yc,45,48,564813069
greedy_giou3d_cvcy_count_yc,44,47,489434665
greedy_giou3d_cvcy_count_yc,38,44,429093940
greedy_giou3d_cvcy_count_yc,47,45,430927469
greedy_giou3d_cvcy_count_yc,41,46,408778246
greedy_giou3d_cvcy_count_yc,52,46,536575558
greedy_giou3d_cvcy_count_yc,42,47,574535820
greedy_giou3d_cvcy_count_yc,46,53,557879793
greedy_giou3d_cvcy_count_yc,42,34,5168667
greedy_giou3d_cvcy_count_yc,52,75,309706857
greedy_giou3d_cvcy_count_yc,44,74,622598854
greedy_giou3d_cvcy_count_yc,33,61,602658556
greedy_giou3d_cvcy_count_yc,37,58,650024475
greedy_giou3d_cvcy_count_yc,38,65,655403158
greedy_giou3d_cvcy_count_yc,44,66,593487624
greedy_giou3d_cvcy_count_yc,48,64,608445765
greedy_giou3d_cvcy_count_yc,40,63,411787941
greedy_giou3d_cvcy_count_yc,46,65,583908263
greedy_giou3d_cvcy_count_yc,35,60,419307825
greedy_giou3d_cvcy_count_yc,35,58,582527437
greedy_giou3d_cvcy_count_yc,38,60,593277182
greedy_giou3d_cvcy_count_yc,42,63,672108539
greedy_giou3d_cvcy_count_yc,28,59,463911123
greedy_giou3d_cvcy_count_yc,34,51,505379800
greedy_giou3d_cvcy_count_yc,25,42,306860487
greedy_giou3d_cvcy_count_yc,29,44,246998825
greedy_giou3d_cvcy_count_yc,25,43,226756937
greedy_giou3d_cvcy_count_yc,35,45,312411676
greedy_giou3d_cvcy_count_yc,40,57,360360922
greedy_giou3d_cvcy_count_yc,34,58,442464452
greedy_giou3d_cvcy_count_yc,28,54,379585714
greedy_giou3d_cvcy_count_yc,27,42,347729706
greedy_giou3d_cvcy_count_yc,24,38,359566311
greedy_giou3d_cvcy_count_yc,31,38,347664843
greedy_giou3d_cvcy_count_yc,31,37,342930935
greedy_giou3d_cvcy_count_yc,31,37,315309268
greedy_giou3d_cvcy_count_yc,31,43,406896093
greedy_giou3d_cvcy_count_yc,41,55,459180919
greedy_giou3d_cvcy_count_yc,40,64,489861290
greedy_giou3d_cvcy_count_yc,54,69,715567604
greedy_giou3d_cvcy_count_yc,50,74,670550596
greedy_giou3d_cvcy_count_yc,39,64,696951169
greedy_giou3d_cvcy_count_yc,33,54,376643908
greedy_giou3d_cvcy_count_yc,32,48,334152035
greedy_giou3d_cvcy_count_yc,28,42,225504956
greedy_giou3d_cvcy_count_yc,36,49,265049059
greedy_giou3d_cvcy_count_yc,33,52,250243208
greedy_giou3d_cvcy_count_yc,24,44,200283677
greedy_giou3d_cvcy_count_yc,61,49,7938325
greedy_giou3d_cvcy_count_yc,48,83,890570582
greedy_giou3d_cvcy_count_yc,50,81,1576836999
greedy_giou3d_cvcy_count_yc,41,76,1443753255
greedy_giou3d_cvcy_count_yc,59,79,1605847360
greedy_giou3d_cvcy_count_yc,49,86,1239830382
greedy_giou3d_cvcy_count_yc,59,85,1417928574
greedy_giou3d_cvcy_count_yc,47,80,894657943
greedy_giou3d_cvcy_count_yc,64,82,1242905947
greedy_giou3d_cvcy_count_yc,57,91,1066029822
greedy_giou3d_cvcy_count_yc,46,82,908972658
greedy_giou3d_cvcy_count_yc,40,67,726369663
greedy_giou3d_cvcy_count_yc,35,61,582189357
greedy_giou3d_cvcy_count_yc,40,62,644558732
greedy_giou3d_cvcy_count_yc,48,67,573925722
greedy_giou3d_cvcy_count_yc,46,63,816672330
greedy_giou3d_cvcy_count_yc,39,65,610057805
greedy_giou3d_cvcy_count_yc,48,59,686006247
greedy_giou3d_cvcy_count_yc,46,63,559785267
greedy_giou3d_cvcy_count_yc,36,56,535300134
greedy_giou3d_cvcy_count_yc,40,47,411962932
greedy_giou3d_cvcy_count_yc,52,54,344354059
greedy_giou3d_cvcy_count_yc,47,62,492920413
greedy_giou3d_cvcy_count_yc,37,63,419052831
greedy_giou3d_cvcy_count_yc,32,53,398126740
greedy_giou3d_cvcy_count_yc,38,55,410612352
greedy_giou3d_cvcy_count_yc,26,49,333691826
greedy_giou3d_cvcy_count_yc,28,42,341371924
greedy_giou3d_cvcy_count_yc,32,47,340948056
greedy_giou3d_cvcy_count_yc,47,54,381330121
greedy_giou3d_cvcy_count_yc,58,60,513626135
greedy_giou3d_cvcy_count_yc,56,55,377870999
greedy_giou3d_cvcy_count_yc,55,41,366539632
greedy_giou3d_cvcy_count_yc,83,40,327880798
greedy_giou3d_cvcy_count_yc,51,42,303995166
greedy_giou3d_cvcy_count_yc,78,39,309145664
greedy_giou3d_cvcy_count_yc,64,41,330702520
greedy_giou3d_cvcy_count_yc,67,45,335268338
greedy_giou3d_cvcy_count_yc,50,43,314570816
greedy_giou3d_cvcy_count_yc,51,45,317181479
greedy_giou3d_cvcy_count_yc,43,52,387470578
greedy_giou3d_cvcy_count_yc,127,120,17188067
greedy_giou3d_cvcy_count_yc,113,183,4010806549
greedy_giou3d_cvcy_count_yc,115,174,6524686712
greedy_giou3d_cvcy_count_yc,121,175,6716501555
greedy_giou3d_cvcy_count_yc,129,180,7212719366
greedy_giou3d_cvcy_count_yc,144,211,8548364513
greedy_giou3d_cvcy_count_yc,141,213,9907600030
greedy_giou3d_cvcy_count_yc,139,225,10185145562
greedy_giou3d_cvcy_count_yc,132,203,10405735042
greedy_giou3d_cvcy_count_yc,147,215,10588393517
greedy_giou3d_cvcy_count_yc,139,214,11148986775
greedy_giou3d_cvcy_count_yc,134,208,11010095361
greedy_giou3d_cvcy_count_yc,126,206,11132466894
greedy_giou3d_cvcy_count_yc,135,204,11897546254
greedy_giou3d_cvcy_count_yc,119,196,11208424063
greedy_giou3d_cvcy_count_yc,129,194,11324559720
greedy_giou3d_cvcy_count_yc,129,205,11156262605
greedy_giou3d_cvcy_count_yc,144,213,12333493052
greedy_giou3d_cvcy_count_yc,132,195,11160526462
greedy_giou3d_cvcy_count_yc,151,198,10085030407
greedy_giou3d_cvcy_count_yc,125,208,7941915723
greedy_giou3d_cvcy_count_yc,115,183,6409269059
greedy_giou3d_cvcy_count_yc,103,162,4633487999
greedy_giou3d_cvcy_count_yc,79,145,3440442466
greedy_giou3d_cvcy_count_yc,93,137,3542618882
greedy_giou3d_cvcy_count_yc,130,166,5281503002
greedy_giou3d_cvcy_count_yc,111,186,5148383409
greedy_giou3d_cvcy_count_yc,107,165,5736462238
greedy_giou3d_cvcy_count_yc,110,162,4734407605
greedy_giou3d_cvcy_count_yc,90,148,3653797382
greedy_giou3d_cvcy_count_yc,76,110,2543630485
greedy_giou3d_cvcy_count_yc,62,105,1721277231
greedy_giou3d_cvcy_count_yc,69,96,1813902516
greedy_giou3d_cvcy_count_yc,67,105,1774665772
greedy_giou3d_cvcy_count_yc,63,99,2046194801
greedy_giou3d_cvcy_count_yc,68,109,1730412049
greedy_giou3d_cvcy_count_yc,48,95,1346854420
greedy_giou3d_cvcy_count_yc,45,77,1013622760
greedy_giou3d_cvcy_count_yc,51,78,928912712
greedy_giou3d_cvcy_count_yc,75,104,1402379428
greedy_giou3d_cvcy_count_yc,88,71,10947845
greedy_giou3d_cvcy_count_yc,73,113,1023986253
greedy_giou3d_cvcy_count_yc,61,86,1351146894
greedy_giou3d_cvcy_count_yc,81,90,1400898385
greedy_giou3d_cvcy_count_yc,64,93,1318135348
greedy_giou3d_cvcy_count_yc,60,83,1395806187
greedy_giou3d_cvcy_count_yc,57,81,1244153999
greedy_giou3d_cvcy_count_yc,55,78,1154884943
greedy_giou3d_cvcy_count_yc,64,74,1349951853
greedy_giou3d_cvcy_count_yc,64,88,1262221551
greedy_giou3d_cvcy_count_yc,68,86,1292082951
greedy_giou3d_cvcy_count_yc,71,95,1334446490
greedy_giou3d_cvcy_count_yc,69,100,1411702551
greedy_giou3d_cvcy_count_yc,77,98,1654386047
greedy_giou3d_cvcy_count_yc,63,96,1594345431
greedy_giou3d_cvcy_count_yc,56,80,1295243384
greedy_giou3d_cvcy_count_yc,54,77,1085718200
greedy_giou3d_cvcy_count_yc,78,98,1381808208
greedy_giou3d_cvcy_count_yc,72,107,1599117922
greedy_giou3d_cvcy_count_yc,60,92,1567421693
greedy_giou3d_cvcy_count_yc,83,112,1831598277
greedy_giou3d_cvcy_count_yc,81,130,1958214544
greedy_giou3d_cvcy_count_yc,94,139,2584341273
greedy_giou3d_cvcy_count_yc,132,183,4945855208
greedy_giou3d_cvcy_count_yc,88,173,4544025003
greedy_giou3d_cvcy_count_yc,63,112,2415894817
greedy_giou3d_cvcy_count_yc,67,90,1713853544
greedy_giou3d_cvcy_count_yc,56,81,1071834318
greedy_giou3d_cvcy_count_yc,63,79,1052766755
greedy_giou3d_cvcy_count_yc,60,79,1068454443
greedy_giou3d_cvcy_count_yc,64,79,1149062821
greedy_giou3d_cvcy_count_yc,57,83,975994162
greedy_giou3d_cvcy_count_yc,63,85,1097371026
greedy_giou3d_cvcy_count_yc,68,97,1300906355
greedy_giou3d_cvcy_count_yc,63,91,1215010256
greedy_giou3d_cvcy_count_yc,58,79,1254572505
greedy_giou3d_cvcy_count_yc,58,78,980488986
greedy_giou3d_cvcy_count_yc,57,72,1047346667
greedy_giou3d_cvcy_count_yc,69,84,1029179370
greedy_giou3d_cvcy_count_yc,67,89,1181896186
